level	page_num	block_num	par_num	line_num	word_num	left	top	width	height	conf	text
1	1	0	0	0	0	0	0	3600	2160	-1	
2	1	1	0	0	0	1208	434	1182	230	-1	
3	1	1	1	0	0	1208	434	1182	230	-1	
4	1	1	1	1	0	1208	434	1182	230	-1	
5	1	1	1	1	1	1208	434	232	230	46.448940	s
5	1	1	1	1	2	1484	517	673	92	91.199738	FULLSTACK
5	1	1	1	1	3	2179	495	211	114	96.981392	AG
2	1	2	0	0	0	1223	999	1164	167	-1	
3	1	2	1	0	0	1223	999	1164	167	-1	
4	1	2	1	1	0	1223	999	1164	167	-1	
5	1	2	1	1	1	1223	999	1164	167	91.364174	Paperless-ngx
2	1	3	0	0	0	957	1239	1687	72	-1	
3	1	3	1	0	0	957	1239	1687	72	-1	
4	1	3	1	1	0	957	1239	1687	72	-1	
5	1	3	1	1	1	957	1241	442	69	96.308578	Open-source
5	1	3	1	1	2	1426	1240	197	71	95.954613	digital
5	1	3	1	1	3	1651	1240	304	71	96.228615	archiving
5	1	3	1	1	4	1980	1239	94	57	96.202835	for
5	1	3	1	1	5	2097	1254	149	56	96.559692	your
5	1	3	1	1	6	2271	1242	373	54	96.333046	documents
