level	page_num	block_num	par_num	line_num	word_num	left	top	width	height	conf	text
1	1	0	0	0	0	0	0	3600	2160	-1	
2	1	1	0	0	0	1160	400	1280	256	-1	
3	1	1	1	0	0	1160	400	1280	256	-1	
4	1	1	1	1	0	1160	400	1280	256	-1	
5	1	1	1	1	1	1160	400	252	256	47.281986	Ss
5	1	1	1	1	2	1457	493	730	100	91.788795	FULLSTACK
5	1	1	1	1	3	2211	470	229	123	95.454414	AG
2	1	2	0	0	0	950	908	1702	396	-1	
3	1	2	1	0	0	950	908	1702	396	-1	
4	1	2	1	1	0	950	908	1702	182	-1	
5	1	2	1	1	1	950	908	522	138	96.514633	Install
5	1	2	1	1	2	1534	908	853	179	95.952110	Paperless
5	1	2	1	1	3	2433	911	219	179	95.952110	Ag
4	1	2	1	2	0	1104	1123	1388	181	-1	
5	1	2	1	2	1	1104	1156	209	105	93.245369	on
5	1	2	1	2	2	1373	1123	1119	181	91.575645	DigitalOcean
2	1	3	0	0	0	804	1344	1997	76	-1	
3	1	3	1	0	0	804	1344	1997	76	-1	
4	1	3	1	1	0	804	1344	1997	76	-1	
5	1	3	1	1	1	804	1346	529	74	91.777832	Paperless-ngx
5	1	3	1	1	2	1362	1346	145	73	95.326843	plus
5	1	3	1	1	3	1536	1344	327	60	96.536095	semantic
5	1	3	1	1	4	1892	1346	241	58	96.599319	search
5	1	3	1	1	5	2164	1359	84	45	95.559792	on
5	1	3	1	1	6	2279	1359	35	45	93.341927	a
5	1	3	1	1	7	2345	1346	195	58	93.341927	cloud
5	1	3	1	1	8	2571	1359	230	45	96.542061	server
